item_id,verdict,note
AL0001,answers,
AL0002,answers,
AL0003,does_not_answer,按宠物连接后未去重，同一学生 Tracy 返回两次；问题要求学生名单。
AL0004,answers,
AL0005,does_not_answer,机场城市带尾空格，航班机场代码带前导空格，原连接和筛选返回0；去除空格后到达Aberdeen的航班为21班。
AL0006,does_not_answer,SourceAirport实际带前导空格，直接匹配CVO/APG返回空集；规范化后有4家符合条件的航空公司。
AL0007,does_not_answer,birth_date为YYYYMMDD整数，strftime无法解析，排序键全部为NULL，未按年龄排序。
AL0008,answers,
AL0009,answers,
AL0010,answers,
AL0011,answers,
AL0012,answers,
AL0013,answers,
AL0014,answers,
AL0015,answers,
AL0016,answers,
AL0017,answers,
AL0018,answers,
AL0019,does_not_answer,按单次visit的Total_spent排序，未按访客汇总所有门票支出；虽碰巧返回同一人，聚合含义不符。
AL0020,answers,
AL0021,answers,
AL0022,does_not_answer,最早年份1970有35辆车，LIMIT 1只返回其中一辆，遗漏其余最早生产的车。
AL0023,answers,
AL0024,answers,
AL0025,answers,
AL0026,answers,
AL0027,answers,
AL0028,answers,
AL0029,answers,
AL0030,answers,
AL0031,answers,
AL0032,answers,
AL0033,answers,
AL0034,does_not_answer,INNER JOIN遗漏没有演唱会的歌手Joe Sharp，不能给出每位歌手的场次数。
AL0035,answers,
AL0036,answers,
AL0037,answers,
AL0038,question_underspecified,cheapest overall未明确按每类平均费用还是累计费用衡量；此SQL采用平均费用。
AL0039,answers,
AL0040,question_underspecified,未明确above average是相对全库城市平均人口还是各区内平均人口；SQL采用全库平均。
AL0041,answers,
AL0042,answers,
AL0043,answers,
AL0044,answers,
AL0045,answers,
AL0046,answers,
AL0047,does_not_answer,存在时长升序应对应创立年份降序；此SQL按创立年份升序，方向相反。
AL0048,answers,
AL0049,answers,
AL0050,answers,
AL0051,answers,
AL0052,answers,
AL0053,answers,
AL0054,does_not_answer,Africa是Continent值而非Region值；原SQL返回NULL，正确筛选非洲共和国后有有效平均值。
AL0055,answers,
AL0056,does_not_answer,MPG为文本且含字符串null，MAX按文本取到null字符串，不是数值最大油耗里程。
AL0057,answers,
AL0058,answers,
AL0059,question_underspecified,未明确频道须同时播放两位导演的作品，还是任一位即可；SQL采用后者。
AL0060,answers,
AL0061,answers,
AL0062,answers,
AL0063,answers,
AL0064,answers,
AL0065,question_underspecified,cheapest overall未指定以最低单次费用、平均费用还是累计费用比较类型；此SQL按单次最低费用。
AL0066,does_not_answer,DestAirport存为带前导空格的ATO代码，原SQL返回0；TRIM后实际为7班。
AL0067,answers,
AL0068,answers,
AL0069,answers,
AL0070,answers,
AL0071,does_not_answer,Continent实际为North America，north america大小写不匹配，返回两个NULL而不是人口合计及均值。
AL0072,answers,
AL0073,answers,
AL0074,answers,
AL0075,answers,
AL0076,answers,
AL0077,question_underspecified,sold than 300000缺少more/less等比较词，阈值方向未说明；SQL假定为大于。
AL0078,answers,
AL0079,answers,
AL0080,answers,
AL0081,question_underspecified,youngest未指定以age还是出生日期为准，两字段在库中矛盾：最小age对应Evangeline，最新出生日期对应Jeffrey。
AL0082,answers,
AL0083,answers,
AL0084,answers,
AL0085,answers,
AL0086,answers,
AL0087,answers,
AL0088,does_not_answer,对model_list和car_makers的额外内连接遗漏了重量大于3500且无对应制造商记录的hi车型。
AL0089,does_not_answer,DestAirport值带前导空格，APG直接等值匹配返回空集；实际有11班到达APG。
AL0090,answers,
AL0091,does_not_answer,Tracy有两只狗，未去重导致同一学生返回两次，不是逐位学生的名单。
AL0092,does_not_answer,只要求在两个赛事中各赢过一场，未限定决赛胜者；赢小组赛不等于赢得赛事冠军。
AL0093,answers,
AL0094,answers,
AL0095,answers,
AL0096,does_not_answer,筛选非英语的语言记录不等于排除使用英语的国家，会纳入同时使用英语和其他语言的国家。
AL0097,answers,
AL0098,answers,
AL0099,answers,
AL0100,answers,
AL0101,answers,
AL0102,answers,
AL0103,answers,
AL0104,answers,
AL0105,answers,
AL0106,answers,
AL0107,answers,
AL0108,does_not_answer,航班SourceAirport带前导空格，直接匹配AHD返回空集，TRIM后有8家航空公司符合。
AL0109,answers,
AL0110,answers,
AL0111,answers,
AL0112,does_not_answer,DestAirport带前导空格，原SQL返回0；实际有1班United Airlines航班到达ASY。
AL0113,does_not_answer,APG机场代码在flights中带前导空格，等值筛选遗漏实际11班到达航班。
AL0114,answers,
AL0115,answers,
AL0116,answers,
AL0117,answers,
AL0118,does_not_answer,比较的是亚洲单个国家内的语言比例，不能表示全亚洲最流行的语言；按人数汇总时不是Dhivehi。
AL0119,answers,
AL0120,answers,
AL0121,answers,
AL0122,answers,
AL0123,answers,
AL0124,answers,
AL0125,answers,
AL0126,answers,
AL0127,answers,
AL0128,answers,
AL0129,does_not_answer,只排除Friend.student_id，遗漏作为friend_id出现的朋友关系；例如Brittany有朋友却被计为无朋友。
AL0130,answers,
AL0131,answers,
AL0132,does_not_answer,连接多期rankings后重复放大胜场数且取任意积分；实际胜场最多为Angelique Kerber（22场），不是返回的Serena。
AL0133,does_not_answer,最早年份有35辆车，LIMIT 1遗漏其他同为1970年生产的车辆。
AL0134,answers,
AL0135,answers,
AL0136,answers,
AL0137,answers,
AL0138,answers,
AL0139,answers,
AL0140,answers,
AL0141,answers,
AL0142,answers,
AL0143,answers,
AL0144,answers,
AL0145,answers,
AL0146,does_not_answer,SourceAirport实际带前导空格，原SQL计数0；规范化后APG出发航班为11班。
AL0147,answers,
AL0148,answers,
AL0149,question_underspecified,未明确频道必须同时播放两位导演作品，还是播放任一位的作品即可；SQL采用后者。
AL0150,answers,
AL0151,does_not_answer,航班代码前导空格和城市名尾空格使连接及条件不匹配，返回0；规范化后Aberdeen至Ashley为2班。
AL0152,answers,
AL0153,answers,
AL0154,does_not_answer,实际分类值为US Territory，不含United States字样，原SQL返回两个NULL而非所需统计。
AL0155,answers,
AL0156,question_underspecified,最年轻可按age或date_of_birth判断，但两字段在本库冲突；SQL按出生日期选择Mertz而非最小age对应的Nicolas。
AL0157,answers,
AL0158,does_not_answer,birth_date为YYYYMMDD整数，strftime返回NULL，故左手球员结果没有按年龄排序。
AL0159,does_not_answer,COUNT(Language)统计语言数量，不是问题要求的国籍数量，不能将两者等同。
AL0160,answers,
AL0161,answers,
AL0162,answers,
AL0163,answers,
AL0164,does_not_answer,筛选存在非English Channel船只不等于没有English Channel失船；结果反而包含有此类失船的战役，并遗漏无失船战役。
AL0165,answers,
AL0166,answers,
AL0167,answers,
AL0168,answers,
AL0169,answers,
AL0170,answers,
AL0171,answers,
AL0172,answers,
AL0173,answers,
AL0174,does_not_answer,以语言记录数代替国籍数，统计对象与问题不符。
AL0175,does_not_answer,Original_air_date为英文月份文本，字典序降序选中2008-11-21；实际最新为2009-02-27，代码112、频道707。
AL0176,answers,
AL0177,answers,
AL0178,answers,
AL0179,answers,
AL0180,does_not_answer,仅检查Friend.student_id，未检查friend_id；把只有入向记录但实际有朋友的学生误判为无朋友。
AL0181,answers,
AL0182,answers,
AL0183,does_not_answer,多期排名连接使每场胜利重复计数，按积分分组又切碎球员胜场；返回Karolina，而实际最多胜场为Angelique Kerber。
AL0184,does_not_answer,Africa应匹配Continent而非Region；原SQL筛不到非洲国家，均值为NULL。
AL0185,answers,
AL0186,does_not_answer,City实际为带尾空格的Anthony，直接等值比较返回空集而遗漏对应机场。
AL0187,does_not_answer,airports.City带尾空格，flights.SourceAirport带前导空格，两处直接比较使实际航班被遗漏。
AL0188,answers,
AL0189,answers,
AL0190,answers,
AL0191,answers,
AL0192,answers,
AL0193,does_not_answer,未处理机场代码前导空格和城市名尾空格，计数0；规范化后Aberdeen至Ashley有2班。
AL0194,answers,
AL0195,answers,
AL0196,answers,
AL0197,answers,
AL0198,does_not_answer,连接及城市筛选未处理数据库中的空格，错误返回0，实际该路线有2班。
AL0199,does_not_answer,Original_air_date为英文月份文本，按字典序排序不等于按播出日期排序。
AL0200,answers,
AL0201,answers,
AL0202,answers,
AL0203,answers,
AL0204,answers,
AL0205,does_not_answer,机场代码和城市名含额外空格，直接连接筛选得0，规范化后该路线有2班。
AL0206,does_not_answer,more than any country要求超过非洲所有国家，即比较MAX(Population)；SQL比较MIN，仅表示超过至少一个。
AL0207,does_not_answer,City列的Anthony带尾空格，等值条件不匹配，未返回实际机场。
AL0208,does_not_answer,COUNT(*)重复计算在多个国家出现的同一种语言；比较各洲语言数量应按Language去重。
AL0209,answers,
AL0210,answers,
AL0211,answers,
AL0212,answers,
AL0213,does_not_answer,缺少PetType为dog的条件，选的是所有宠物中的最年轻者；本库恰好是狗不代表筛选语义正确。
AL0214,answers,
AL0215,does_not_answer,MPG含文本null，CAST会将这些缺失值变为0并参与平均，导致4缸汽车平均MPG被低估。
AL0216,does_not_answer,直接相加各国百分比忽略人口基数，不能得到亚洲总体最普及语言；按语言使用人数汇总结果不同。
AL0217,answers,
AL0218,answers,
AL0219,answers,
AL0220,answers,
AL0221,does_not_answer,DISTINCT作用于姓名和排名组合，结果三行均为Madison Keys，未给出三位不同的最年轻获胜者。
AL0222,does_not_answer,DestAirport的APG带前导空格，原SQL返回空集，遗漏实际到达航班。
AL0223,does_not_answer,Europe是Continent而非Region，子查询MAX为NULL，无法进行正确的欧洲面积比较。
AL0224,answers,
AL0225,question_underspecified,more than once未明确是累计参观多次还是同一博物馆重复参观；SQL只检查每人总记录数大于1。
AL0226,answers,
AL0227,does_not_answer,YYYYMMDD整数生日无法由strftime直接解析，排序表达式为NULL，未按年龄排序。
AL0228,does_not_answer,机场代码带前导空格、城市名带尾空格，未规范化导致连接筛选失配并错误计数0。
AL0229,answers,
AL0230,answers,
AL0231,answers,
AL0232,does_not_answer,Region不存在Europe且使用MIN；应在Continent为Europe的国家中按题意比较最大面积。
AL0233,answers,
AL0234,answers,
AL0235,does_not_answer,SourceAirport前导空格和City尾空格未处理，查询错误返回0。
AL0236,does_not_answer,DestAirport实际带前导空格，直接匹配AHD返回空集而遗漏符合航班的航空公司。
AL0237,does_not_answer,连接排名历史将胜场按排名记录数重复放大，返回Serena而非实际22胜的Angelique Kerber，积分也未指定时点。
AL0238,does_not_answer,DestAirport中的ASY有前导空格，原SQL返回0，规范化后United Airlines有1班符合。
AL0239,answers,
AL0240,answers,
AL0241,answers,
AL0242,answers,
AL0243,answers,
AL0244,answers,
AL0245,answers,
AL0246,does_not_answer,只统计Kyle位于student_id端的关系，漏计friend_id端；Kyle实际有3名朋友而不是1名。
AL0247,answers,
AL0248,answers,
AL0249,answers,
AL0250,does_not_answer,缺少欧洲条件，结果包含日本和美国，不只欧洲国家。
AL0251,answers,
AL0252,answers,
AL0253,answers,
AL0254,does_not_answer,MPG为文本且含字符串null，直接降序排序选错车型；按数值最大MPG应选mazda。
AL0255,answers,
AL0256,does_not_answer,只保留英语被标为非官方的国家，遗漏根本没有英语记录但同样未以英语为官方语言的国家。
AL0257,question_underspecified,winners who played未明确两年都必须获胜，还是获胜过且两年均参赛；SQL采用两年均获胜。
AL0258,does_not_answer,DestAirport带前导空格，AHD等值匹配为空，未返回实际相关航空公司。
AL0259,does_not_answer,按州连接把州内所有区号都视为投票区号；应从实际投票电话号码确定区号，本库没有同一区号投给两人的记录。
AL0260,answers,
AL0261,answers,
AL0262,answers,
AL0263,answers,
AL0264,answers,
AL0265,answers,
AL0266,answers,
AL0267,answers,
AL0268,answers,
AL0269,answers,
AL0270,answers,
AL0271,answers,
AL0272,answers,
AL0273,answers,
AL0274,answers,
AL0275,answers,
AL0276,answers,
AL0277,question_underspecified,按年龄排序未指定升序或降序；生日升序对应年龄降序，两种方向均可能。
AL0278,answers,
AL0279,answers,
AL0280,question_underspecified,people come most times未明确按visit记录数还是票数衡量到访次数；SQL采用visit记录数。
AL0281,answers,
AL0282,answers,
AL0283,answers,
AL0284,does_not_answer,student_id与transcript_id不是关联键，直接相等连接会把不同实体的编号误当关系，也不能据此识别最早毕业生。
AL0285,answers,
AL0286,answers,
AL0287,answers,
AL0288,answers,
AL0289,answers,
AL0290,answers,
AL0291,answers,
AL0292,answers,
AL0293,answers,
AL0294,answers,
AL0295,question_underspecified,未指定按治疗类型最低单次费用、平均费用还是累计费用判断least expensive；SQL按单次最低费用。
AL0296,answers,
AL0297,answers,
AL0298,answers,
AL0299,answers,
AL0300,answers,
AL0301,answers,
AL0302,answers,
AL0303,answers,
AL0304,answers,
AL0305,answers,
AL0306,does_not_answer,SourceAirport带前导空格，APG和CVO直接匹配均为空，未找出真实交集航空公司。
AL0307,answers,
AL0308,answers,
AL0309,answers,
AL0310,does_not_answer,City实际为Aberdeen加尾空格，原等值条件遗漏该市机场。
AL0311,does_not_answer,仅统计Friend.student_id中的学生，遗漏只有friend_id端记录但有朋友的学生，平均年级计算范围不完整。
AL0312,answers,
AL0313,answers,
AL0314,question_underspecified,未明确平均人口以全库城市还是各区内城市为基准；SQL采用全库平均。
AL0315,answers,
AL0316,does_not_answer,student_enrolment_id与transcript_id不是有效关联键，忽略课程和成绩单内容的关系，不能据此定位最早毕业生。
AL0317,does_not_answer,DestAirport中的AHD带前导空格，原SQL返回空集而遗漏相关航空公司。
AL0318,answers,
AL0319,answers,
AL0320,answers,
AL0321,answers,
AL0322,answers,
AL0323,answers,
AL0324,answers,
AL0325,does_not_answer,Caribbean是加勒比地区，不能代替US Territory分类，纳入非美国属地且遗漏其他美国属地。
AL0326,answers,
AL0327,answers,
AL0328,answers,
AL0329,answers,
AL0330,answers,
AL0331,answers,
AL0332,answers,
AL0333,answers,
AL0334,answers,
AL0335,does_not_answer,Europe不属于Region值，正确字段为Continent，导致返回空集而非符合条件的欧洲城市。
AL0336,answers,
AL0337,answers,
AL0338,answers,
AL0339,answers,
AL0340,answers,
AL0341,answers,
AL0342,answers,
AL0343,answers,
AL0344,answers,
AL0345,answers,
AL0346,answers,
AL0347,answers,
AL0348,answers,
AL0349,answers,
AL0350,answers,
AL0351,answers,
AL0352,answers,
AL0353,answers,
AL0354,answers,
AL0355,answers,
AL0356,does_not_answer,DestAirport实际带前导空格，直接匹配APG遗漏实际到达的航班。
AL0357,answers,
AL0358,answers,
AL0359,answers,
AL0360,answers,
AL0361,answers,
AL0362,answers,
AL0363,answers,
AL0364,answers,
AL0365,answers,
AL0366,answers,
AL0367,answers,
AL0368,answers,
AL0369,answers,
AL0370,answers,
AL0371,does_not_answer,只计算student_id端，遗漏Kyle在friend_id端的两条关系，实际朋友数3而非1。
AL0372,answers,
AL0373,answers,
AL0374,does_not_answer,航班代码前导空格和城市名尾空格使连接条件不成立，未返回Aberdeen出发航班。
AL0375,does_not_answer,COUNT(Language)计算各国语言记录总数，未去除同一语言跨国重复，统计量不是各洲不同语言数量。
AL0376,answers,
AL0377,answers,
AL0378,does_not_answer,SourceAirport中的AHD带前导空格，直接匹配使United Airlines实际出发航班被漏计。
AL0379,answers,
AL0380,answers,
AL0381,answers,
AL0382,answers,
AL0383,answers,
AL0384,does_not_answer,未处理机场代码前导空格及城市名尾空格，原SQL返回0；United Airlines实际有3班到达Aberdeen。
AL0385,answers,
AL0386,does_not_answer,只识别Friend.student_id端的学生，遗漏friend_id端学生；正确有朋友学生的平均年级为10.5。
AL0387,answers,
AL0388,does_not_answer,只读取Kyle发出的关系，漏掉入向朋友Jessica、Austin；并非Kyle全部朋友名单。
AL0389,does_not_answer,Horsepower为文本且含字符串null，字典序降序选到ford；按数值最大马力应为115，对应citroen等。
AL0390,answers,
AL0391,does_not_answer,州名实际存为NorthCarolina而非North Carolina，原查询错误为空；符合未注册条件者包括Gleichner和Weimann。
AL0392,answers,
AL0393,question_underspecified,age与出生日期在本库矛盾；题目未说明按哪个判断最年轻，SQL按最新出生日期选择。
AL0394,answers,
AL0395,answers,
AL0396,does_not_answer,机场代码带前导空格、City带尾空格，直接连接筛选遗漏Aberdeen的实际到达航班。
AL0397,answers,
AL0398,answers,
AL0399,answers,
AL0400,answers,
AL0401,answers,
AL0402,answers,
AL0403,answers,
AL0404,answers,
AL0405,does_not_answer,amc hornet sportabout (sw)存于Make列而非Model列，原SQL返回空集；正确记录Accelerate为13.5。
AL0406,does_not_answer,按国家分组后只取每组任意一个id，实际只返回700，而应返回符合国家内全部12个频道id。
AL0407,answers,
AL0408,does_not_answer,数据库州名为NorthCarolina，不带中间空格；筛选North Carolina漏掉实际符合的两位学生。
AL0409,answers,
AL0410,answers,
AL0411,answers,
AL0412,answers,
AL0413,answers,
AL0414,answers,
AL0415,answers,
AL0416,does_not_answer,仅统计student_id端，遗漏Kyle的入向朋友关系；实际有3名朋友而非1名。
AL0417,answers,
AL0418,does_not_answer,英文月份文本按字典序排序，不等于实际播出时间先后。
AL0419,does_not_answer,代码前导空格和城市尾空格导致错误计数0；实际有3班United Airlines到达Aberdeen。
AL0420,answers,
AL0421,does_not_answer,机场代码无前导空格、航班代码有前导空格，NOT IN误判全部100个机场均无航班。
AL0422,answers,
AL0423,answers,
AL0424,does_not_answer,Original_air_date为英文月份文本，降序选中2008-11-21，而实际最新为2009-02-27。
AL0425,question_underspecified,胜场最多者可确定，但其积分随比赛变化；问题未指定积分时点或汇总规则，SQL取了组内某条积分。
AL0426,answers,
AL0427,does_not_answer,SourceAirport中的AHD带前导空格，直接匹配错误返回0。
AL0428,answers,
AL0429,answers,
AL0430,does_not_answer,按车辆记录返回252行，未去重，重复列出仅26种车型；问题询问的是哪些车型。
AL0431,answers,
AL0432,answers,
AL0433,does_not_answer,选出三条比赛记录且均是Madison Keys，未给出三位不同的最年轻获胜者。
AL0434,answers,
AL0435,does_not_answer,问题要求人口为80000，SQL却用大于80000，比较运算符不符。
AL0436,does_not_answer,COUNT(*)数的是胜场，重复计算同一胜者；实际为2位左手胜者，SQL返回3场。
AL0437,answers,
AL0438,answers,
AL0439,answers,
AL0440,answers,
AL0441,answers,
AL0442,answers,
AL0443,answers,
AL0444,answers,
AL0445,answers,
AL0446,answers,
AL0447,answers,
AL0448,answers,
AL0449,answers,
AL0450,answers,
AL0451,question_underspecified,likes does Kyle have未明确收到的喜欢还是他发出的喜欢；SQL统计后者。
AL0452,answers,
AL0453,answers,
AL0454,answers,
AL0455,question_underspecified,with more than 1 room可修饰仅apartments，也可同时修饰houses和apartments；SQL采用后者。
AL0456,answers,
AL0457,answers,
AL0458,answers,
AL0459,answers,
AL0460,question_underspecified,未明确国家全部频道均无该作者作品，还是存在某频道没有即可；SQL按存在不播放的频道筛国家。
AL0461,answers,
AL0462,does_not_answer,按各国语言记录计数而非不同语言去重计数，同一种语言在多个国家被重复计算，不能衡量语言多样性。
AL0463,answers,
AL0464,answers,
AL0465,does_not_answer,机场代码前导空格及City尾空格使连接筛选失配，未返回Aberdeen出发航班。
AL0466,answers,
AL0467,does_not_answer,未处理航班机场代码和城市名中的空格，误计为0班。
AL0468,answers,
AL0469,does_not_answer,代码与城市字段的额外空格导致错误计数0；规范化后United Airlines到达Aberdeen为3班。
AL0470,does_not_answer,只检查Friend.student_id端，忽略入向朋友关系，误把有朋友的学生纳入无朋友者。
AL0471,answers,
AL0472,question_underspecified,超过1个房间的条件可只修饰公寓，也可修饰房屋和公寓两者；此SQL只约束公寓。
AL0473,answers,
AL0474,does_not_answer,额外内连接model_list/car_makers遗漏了重量超过3500但缺少制造商对应记录的hi车型。
AL0475,answers,
AL0476,answers,
AL0477,does_not_answer,未按制造商去重，34条车辆关联记录重复列出仅11家制造商，结果粒度不是制造商名单。
AL0478,answers,
AL0479,answers,
AL0480,does_not_answer,MPG以文本排序且包含字符串null，误选citroen；数值最大MPG对应mazda。
AL0481,answers,
AL0482,does_not_answer,把两位导演名字合并为单个等值字符串，库中无该值，既未取两位导演作品并集，也未找同时播放两者的频道。
AL0483,answers,
AL0484,answers,
AL0485,answers,
AL0486,answers,
AL0487,answers,
AL0488,question_underspecified,likes未明确是Kyle收到的喜欢还是发出的喜欢；SQL统计收到的喜欢。
AL0489,answers,
AL0490,answers,
AL0491,answers,
AL0492,answers,
AL0493,answers,
AL0494,answers,
AL0495,answers,
AL0496,answers,
AL0497,answers,
AL0498,answers,
AL0499,does_not_answer,面积大于欧洲任意国家通常要求超过欧洲最大面积，SQL却与最小面积比较，返回几乎所有国家。
AL0500,answers,
AL0501,question_underspecified,未指明likes的方向；SQL统计Kyle喜欢他人的数量，而非他人喜欢Kyle的数量。
AL0502,answers,
AL0503,does_not_answer,仅列Kyle在student_id端的朋友Jordan，遗漏friend_id端的Jessica和Austin。
AL0504,answers,
AL0505,answers,
AL0506,answers,
AL0507,answers,
AL0508,does_not_answer,OR重量条件本可独立满足，但额外制造商内连接遗漏了符合重量条件的hi车型。
AL0509,answers,
AL0510,answers,
AL0511,question_underspecified,题目未说明按年龄升序还是降序，生日升序等于年龄降序。
AL0512,answers,
AL0513,answers,
AL0514,answers,
AL0515,does_not_answer,机场代码与航班代码的前导空格不一致，NOT IN将有航班的机场也判为无航班，错误返回全部100个。
AL0516,answers,
AL0517,answers,
AL0518,does_not_answer,SourceAirport中APG带前导空格，直接比较计为0，实际为11班。
AL0519,answers,
AL0520,answers,
AL0521,answers,
AL0522,answers,
AL0523,answers,
AL0524,does_not_answer,两个SourceAirport条件都未处理前导空格，交集错误为空。
AL0525,answers,
AL0526,answers,
AL0527,answers,
AL0528,answers,
AL0529,answers,
AL0530,answers,
AL0531,does_not_answer,机场代码与城市名的额外空格使连接和筛选不匹配，错误返回0。
AL0532,answers,
AL0533,does_not_answer,IsOfficial表示官方地位，不表示西班牙语占主要使用比例；即使计数巧合相同也不符合predominantly的条件。
AL0534,answers,
AL0535,answers,
AL0536,answers,
AL0537,question_underspecified,sold than 300000缺少比较方向词，不能确定要求大于还是小于；SQL假定大于。
AL0538,answers,
AL0539,does_not_answer,SourceAirport实际带前导空格，直接匹配APG未返回任何实际出发航班。
AL0540,does_not_answer,与制造商表的内连接遗漏缺少匹配的hi车型，尽管该车型重量超过3500，应满足OR条件。
AL0541,answers,
AL0542,answers,
AL0543,does_not_answer,MPG中的字符串null被AVG按0参与平均；排除缺失值后平均约29.2868，而非28.8623。
AL0544,does_not_answer,SourceAirport带前导空格，AHD等值条件不匹配，未返回符合的航空公司。
AL0545,answers,
AL0546,question_underspecified,未明确likes指Kyle收到还是发出的喜欢；SQL按收到的喜欢计数。
AL0547,answers,
AL0548,answers,
AL0549,answers,
AL0550,answers,
AL0551,answers,
AL0552,answers,
AL0553,answers,
AL0554,answers,
AL0555,answers,
AL0556,answers,
AL0557,answers,
AL0558,does_not_answer,City中的Aberdeen带尾空格，等值筛选错误返回空集。
AL0559,answers,
AL0560,does_not_answer,只检查存在西班牙语记录，未要求其使用比例占主导，包含仅少数人使用西班牙语的国家。
AL0561,answers,
AL0562,answers,
AL0563,does_not_answer,缺少PetType为dog的筛选，选的是全体宠物中最年轻者；本库碰巧为狗不能替代该条件。
AL0564,answers,
AL0565,answers,
AL0566,answers,
AL0567,answers,
AL0568,answers,
AL0569,does_not_answer,City实际为Anthony加尾空格，原SQL遗漏对应机场。
AL0570,answers,
AL0571,does_not_answer,三个最小年龄的比赛记录均属于Madison Keys，未返回三位不同获胜者。
AL0572,answers,
AL0573,answers,
AL0574,answers,
AL0575,answers,
AL0576,does_not_answer,MPG是文本且含字符串null，MAX得到null字符串而非数值最大值43.1。
AL0577,answers,
AL0578,answers,
AL0579,answers,
AL0580,answers,
AL0581,answers,
AL0582,answers,
AL0583,answers,
AL0584,answers,
AL0585,answers,
AL0586,answers,
AL0587,question_underspecified,ordered by how old未指定年龄升序或降序，SQL选择升序。
AL0588,answers,
AL0589,does_not_answer,SourceAirport的前导空格未处理，CVO和APG条件不匹配，结果错误为空。
AL0590,answers,
AL0591,answers,
AL0592,answers,
AL0593,answers,
AL0594,answers,
AL0595,answers,
AL0596,question_underspecified,largest percentage可指西班牙语在各国的占比全球最高，也可指它在该国内超过其他语言；SQL采用全球最高占比。
AL0597,answers,
AL0598,answers,
AL0599,answers,
AL0600,answers,
AL0601,does_not_answer,Horsepower含文本null，CAST将缺失值转为0后参与平均，低估1980年前车辆的平均马力。
AL0602,answers,
AL0603,does_not_answer,AVG将Horsepower列里的null字符串当0计算，没有排除缺失马力。
AL0604,answers,
AL0605,answers,
AL0606,does_not_answer,航班代码前导空格与城市名尾空格导致连接及筛选失配，未返回实际出发航班。
AL0607,answers,
AL0608,does_not_answer,SourceAirport中的APG带前导空格，等值匹配为空。
AL0609,does_not_answer,Tracy因有两只狗被重复返回，同一学生应只在所问名单中出现一次。
AL0610,does_not_answer,NOT IN两边代码的前导空格不一致，把全部100个机场误判为无进出航班。
AL0611,answers,
AL0612,answers,
AL0613,answers,
AL0614,question_underspecified,问题未明确两年均须获胜，还是获胜过且两年均参赛；SQL要求两年均有胜场。
AL0615,does_not_answer,DestAirport中的AHD带前导空格，查询错误返回空集。
AL0616,answers,
AL0617,answers,
AL0618,does_not_answer,只纳入Friend.student_id中的学生，遗漏friend_id端有朋友的学生，平均值不是完整人群的10.5。
AL0619,does_not_answer,Horsepower中的null字符串被当成0计入AVG，造成平均马力偏低。
AL0620,answers,
AL0621,answers,
AL0622,answers,
AL0623,does_not_answer,DestAirport中的ATO带前导空格，原SQL返回0，规范化后为7班。
AL0624,answers,
AL0625,answers,
AL0626,answers,
AL0627,question_underspecified,largest percentage可能指各国内西班牙语占比最高，或全球西班牙语占比最高的国家；SQL只选全球最高的一国再计数。
AL0628,answers,
AL0629,answers,
AL0630,answers,
AL0631,answers,
AL0632,answers,
AL0633,does_not_answer,返回各个符合国家的制造商数量4、4、3、5，而问题要求符合条件的国家总数4。
AL0634,answers,
AL0635,does_not_answer,original_air_date为英文月份文本，字典序不是实际播出时间顺序。
AL0636,answers,
AL0637,does_not_answer,文本日期降序误选2008-11-21，实际最新动画为2009-02-27，制作代码112、频道707。
AL0638,answers,
AL0639,answers,
AL0640,answers,
AL0641,answers,
AL0642,answers,
AL0643,does_not_answer,INNER JOIN按朋友关系数重复加权学生年级，且遗漏入向朋友，结果10.25而非按学生计算的10.5。
AL0644,answers,
AL0645,answers,
AL0646,answers,
AL0647,answers,
AL0648,answers,
AL0649,answers,
AL0650,answers,
AL0651,does_not_answer,存在某个不播放该作者作品的频道，不等于该国不播放；意大利和英国实际有播放，应排除。
AL0652,answers,
AL0653,answers,
AL0654,answers,
AL0655,answers,
AL0656,answers,
AL0657,answers,
AL0658,does_not_answer,州名实际为NorthCarolina，没有中间空格，原SQL漏掉符合条件的Gleichner和Weimann。
AL0659,answers,
AL0660,answers,
AL0661,answers,
AL0662,does_not_answer,机场代码与航班代码的前导空格不一致，错误将全部机场归为无航班。
AL0663,answers,
AL0664,answers,
AL0665,answers,
AL0666,does_not_answer,只沿student_id到friend_id查找Kyle的朋友，遗漏反向记录中的Jessica和Austin。
AL0667,does_not_answer,机场代码前导空格和城市名尾空格未处理，返回空集而非实际Aberdeen出发航班。
AL0668,answers,
AL0669,answers,
AL0670,answers,
AL0671,answers,
AL0672,answers,
AL0673,answers,
AL0674,answers,
AL0675,answers,
AL0676,does_not_answer,歌手参加多场2014年演唱会时被重复列出；6条结果只有5位歌手，缺少去重。
AL0677,answers,
AL0678,answers,
AL0679,answers,
AL0680,answers,
AL0681,answers,
AL0682,answers,
AL0683,answers,
AL0684,does_not_answer,航班代码及城市名的空格使连接筛选失配，原SQL计为0，实际到达Aberdeen为21班。
AL0685,does_not_answer,每国只取一个Language，未保留所有并列最高语言；库中有8个国家的最高Percentage并列，结果遗漏相应语言。
AL0686,answers,
AL0687,answers,
AL0688,does_not_answer,SourceAirport中的AHD带前导空格，直接比较未返回符合的航空公司。
AL0689,answers,
AL0690,answers,
AL0691,answers,
AL0692,does_not_answer,INNER JOIN排除了0场演唱会的Joe Sharp，无法回答每位歌手的场次数。
AL0693,answers,
AL0694,question_underspecified,治疗类型最便宜未明确最低单次费用、平均费用或总费用；SQL按最低单次费用选择。
AL0695,answers,
AL0696,answers,
AL0697,does_not_answer,同一学生Tracy因两只狗被返回两次，未得到按学生去重的姓名和年龄名单。
AL0698,answers,
AL0699,answers,
AL0700,answers,
AL0701,answers,
AL0702,answers,
AL0703,answers,
AL0704,answers,
AL0705,answers,
AL0706,does_not_answer,SourceAirport带前导空格，CVO和APG筛选均失配，未得到真实差集。
AL0707,answers,
AL0708,answers,
AL0709,answers,
AL0710,does_not_answer,机场代码前导空格未处理，APG与CVO出发航空公司的交集错误为空。
AL0711,answers,
AL0712,answers,
AL0713,answers,
AL0714,answers,
AL0715,answers,
AL0716,does_not_answer,在赛事中赢过任意比赛不等于赢得赛事冠军；查询未限定决赛胜者。
AL0717,answers,
AL0718,question_underspecified,largest percentage可能指西班牙语全球最高占比，或其在某国内超过其他语言；SQL按全球最高占比选国。
AL0719,answers,
AL0720,answers,
AL0721,does_not_answer,航班代码和城市名含额外空格，连接及筛选不匹配，返回空集。
AL0722,question_underspecified,car和versions未明确指Model下的不同Make，还是同一Make的不同车辆记录；SQL按Make分组计记录。
AL0723,answers,
AL0724,answers,
AL0725,answers,
AL0726,answers,
AL0727,answers,
AL0728,does_not_answer,SourceAirport实际带前导空格，直接匹配AHD遗漏真实航空公司。
AL0729,answers,
AL0730,question_underspecified,未指定年龄排序方向，生日降序对应年龄升序；相反方向也符合未限定的按年龄排序。
AL0731,answers,
AL0732,answers,
AL0733,answers,
AL0734,answers,
AL0735,answers,
AL0736,does_not_answer,只统计Kyle位于student_id端的1条关系，遗漏friend_id端的2位朋友。
AL0737,does_not_answer,"不存在Ben Jones, Michael Chang这一合并导演值；将两个人名作单个字符串筛选导致空集。"
AL0738,answers,
AL0739,does_not_answer,SourceAirport中AHD带前导空格，等值筛选错误返回0。
AL0740,answers,
AL0741,answers,
AL0742,answers,
AL0743,answers,
AL0744,question_underspecified,按年龄排序未给出升降序；生日升序对应年龄降序。
AL0745,answers,
AL0746,does_not_answer,数据库实际州名为NorthCarolina，筛选带空格的North Carolina遗漏符合的未注册学生。
AL0747,answers,
AL0748,answers,
AL0749,answers,
AL0750,does_not_answer,greater than any country应与欧洲最大面积比较，MIN只表示超过最小的欧洲国家。
AL0751,answers,
AL0752,answers,
AL0753,answers,
AL0754,answers,
AL0755,answers,
AL0756,answers,
AL0757,does_not_answer,INNER JOIN遗漏没有演唱会的Joe Sharp，不能给出每位歌手的场次数。
AL0758,answers,
AL0759,answers,
AL0760,answers,
AL0761,answers,
AL0762,answers,
AL0763,answers,
AL0764,does_not_answer,DestAirport中ASY带前导空格，原计数0，实际有1班United Airlines到达ASY。
AL0765,answers,
AL0766,answers,
AL0767,answers,
AL0768,does_not_answer,DestAirport中的ASY带前导空格，原SQL漏计实际1班符合航班。
AL0769,answers,
AL0770,answers,
AL0771,does_not_answer,问题限定doctors，SQL未筛选兽医角色，结果混入Employee等非医生专业人员。
AL0772,answers,
AL0773,answers,
AL0774,does_not_answer,SourceAirport的APG带前导空格，直接比较为空。
AL0775,answers,
AL0776,answers,
AL0777,does_not_answer,SourceAirport存储值含前导空格，原SQL遗漏APG出发航班。
AL0778,answers,
AL0779,answers,
AL0780,answers,
AL0781,answers,
AL0782,answers,
AL0783,answers,
AL0784,answers,
AL0785,answers,
AL0786,answers,
AL0787,answers,
AL0788,answers,
AL0789,does_not_answer,航班 SourceAirport 的实际值含前导空格；直接比较 AHD 返回空表，漏掉实际从该机场出发的航空公司。
AL0790,question_underspecified,“参观某些博物馆不止一次”可指累计访问超过一次，也可指重复参观同一家；SQL只统计累计访问次数，题目未固定口径。
AL0791,does_not_answer,airports.City 实际为带尾随空格的 Anthony，直接等值匹配失败，返回空表。
AL0792,answers,
AL0793,answers,
AL0794,answers,
AL0795,does_not_answer,航班机场代码含前导空格、机场城市含尾随空格；未清理的连接与筛选返回0，实际联合航空抵达 Aberdeen 有3班。
AL0796,answers,
AL0797,answers,
AL0798,answers,
AL0799,answers,
AL0800,answers,
AL0801,answers,
AL0802,answers,
AL0803,answers,
AL0804,does_not_answer,“比亚洲任何国家都少”应低于亚洲最小人口，SQL却与最大人口比较，返回了不符合普遍比较条件的国家。
AL0805,does_not_answer,SourceAirport 实际含前导空格，直接用 APG、CVO 筛选没有匹配，遗漏真实航班。
AL0806,answers,
AL0807,does_not_answer,题目要求美国属地，SQL筛选加勒比地区；Region 并不表示属地关系，应使用相应的 GovernmentForm 分类。
AL0808,answers,
AL0809,answers,
AL0810,answers,
AL0811,does_not_answer,航班目的机场代码有前导空格，城市 Aberdeen 有尾随空格；未规范化导致连接或筛选失败，错误返回0。
AL0812,question_underspecified,“car”及“different versions”未明确指 Model、Make 还是车辆记录；按 Model 统计记录数只是其中一种合理口径。
AL0813,answers,
AL0814,answers,
AL0815,answers,
AL0816,answers,
AL0817,answers,
AL0818,answers,
AL0819,answers,
AL0820,does_not_answer,机场代码和城市字段的实际空格使连接与 Aberdeen 等值筛选失败，未返回真实出发航班。
AL0821,answers,
AL0822,answers,
AL0823,does_not_answer,航班机场代码含前导空格，城市 Aberdeen 含尾随空格；未清理即连接、筛选，错误返回0。
AL0824,does_not_answer,SourceAirport 实际为带前导空格的 APG，直接等值筛选返回0；规范化后有11班出发航班。
AL0825,answers,
AL0826,answers,
AL0827,answers,
AL0828,answers,
AL0829,answers,
AL0830,question_underspecified,“哪些国家的频道不播放”可按单个频道或按整个国家是否完全没有该节目理解；SQL按未播放的频道返回国家，且会重复国家名，题目未明确范围。
AL0831,answers,
AL0832,answers,
AL0833,does_not_answer,DISTINCT 针对姓名和排名的组合，同一个人的不同排名仍是多行；LIMIT 3 实际全是 Madison Keys，并非三名不同的最年轻胜者。
AL0834,answers,
AL0835,cannot_judge,题目明确指定平方英里，但随包表结构及说明没有给出 SurfaceArea 的计量单位，无法确认阈值3000是否需要换算。
AL0836,answers,
AL0837,answers,
AL0838,answers,
AL0839,answers,
AL0840,answers,
AL0841,answers,
AL0842,answers,
AL0843,answers,
AL0844,answers,
AL0845,answers,
AL0846,answers,
AL0847,answers,
AL0848,does_not_answer,“少于亚洲任何国家的人口”应与亚洲人口最小值比较；使用 MAX 将条件放宽成少于最大国家，集合错误。
AL0849,answers,
AL0850,answers,
AL0851,answers,
AL0852,answers,
AL0853,answers,
AL0854,answers,
AL0855,answers,
AL0856,answers,
AL0857,answers,
AL0858,answers,
AL0859,answers,
AL0860,answers,
AL0861,question_underspecified,“only used by a single republic country”可指只有一个共和国使用，或全球仅一个国家使用且该国是共和国；SQL只约束共和国子集内的使用次数。
AL0862,does_not_answer,机场城市带尾随空格，航班目的机场代码带前导空格；未清理的等值筛选错误返回0。
AL0863,answers,
AL0864,answers,
AL0865,does_not_answer,more than 和 less than 要求严格大于160000且严格小于900000；BETWEEN 包含两个边界，虽然当前库无边界记录，条件仍不一致。
AL0866,answers,
AL0867,answers,
AL0868,answers,各年级均有4人；返回12年级是并列最多者之一。
AL0869,answers,
AL0870,answers,
AL0871,does_not_answer,Friend 每对朋友只存一条，Kyle 也会出现在 friend_id 一侧；只数 student_id 返回1，双向合计实际有3个朋友。
AL0872,answers,
AL0873,answers,
AL0874,answers,
AL0875,answers,
AL0876,question_underspecified,“people come most times”未明确按访问记录数还是门票代表的到访人次统计；SQL按访问记录数排序。
AL0877,question_underspecified,题目没有明确“平均”是全体城市的平均人口，还是各自 district 内的平均人口；SQL采用全局平均。
AL0878,answers,
AL0879,does_not_answer,歌手多次参加2014年的音乐会会重复返回；实际 Justin Brown 出现两次，缺少按歌手去重。
AL0880,does_not_answer,SourceAirport 实际含前导空格，直接比较 CVO 或 APG 不匹配，错误返回空表。
AL0881,does_not_answer,Horsepower 的缺失值存为字符串 null；CAST 将其转为0参与平均，错误得到111.1329，排除缺失值后应约111.8408。
AL0882,answers,
AL0883,answers,
AL0884,answers,
AL0885,answers,
AL0886,answers,
AL0887,answers,
AL0888,answers,
AL0889,answers,
AL0890,answers,
AL0891,answers,
AL0892,does_not_answer,内连接遗漏没有参加音乐会的 Joe Sharp；题目要求每位歌手，应保留该歌手并计为0。
AL0893,does_not_answer,SourceAirport 实际为带前导空格的 APG，直接比较返回0，规范化后实际有11班。
AL0894,answers,
AL0895,answers,
AL0896,does_not_answer,目的机场代码含前导空格、城市 Aberdeen 含尾随空格，未清理即连接和筛选，错误返回0。
AL0897,answers,
AL0898,answers,
AL0899,does_not_answer,UNION ALL 将当前、永久地址槽位当作学生计数；学生5的两种地址都是9，因而被同一地点重复统计，并非地点的学生人数。
AL0900,does_not_answer,只排除 Friend.student_id，漏掉只出现在 friend_id 的有朋友学生；本库所有学生都有朋友，应为空集合的 MIN，而不是10。
AL0901,answers,
AL0902,does_not_answer,City 实际为带尾随空格的 Aberdeen，直接等值匹配返回空表，遗漏该市机场。
AL0903,answers,
AL0904,answers,
AL0905,answers,
AL0906,answers,
AL0907,answers,
AL0908,answers,
AL0909,does_not_answer,City 的尾随空格和 DestAirport 的前导空格未处理，筛选不到实际抵达 Aberdeen 的航班。
AL0910,answers,
AL0911,answers,最低人口为0且有并列；返回其中一个国家/地区及其对应字段。
AL0912,answers,
AL0913,answers,
AL0914,answers,
AL0915,answers,
AL0916,does_not_answer,库中名称为 JetBlue Airways，SQLite 当前等值比较区分大小写；Jetblue Airways 不匹配，返回空表。
AL0917,answers,
AL0918,does_not_answer,航空公司实际名称为 JetBlue Airways，Jetblue 的大小写不匹配，错误返回0，实际共有100班。
AL0919,answers,
AL0920,answers,
AL0921,answers,
AL0922,answers,
AL0923,answers,
AL0924,answers,
AL0925,answers,
AL0926,question_underspecified,仅要求按年龄排列，没有说明从年轻到年长还是反向；SQL选择升序，降序也是忠于文字的读法。
AL0927,answers,每国返回一个人口占比最高的语言；并列时取其中一个，题目使用单数语言。
AL0928,does_not_answer,按州连接会把该州全部区号都归给每张选票；实际需从投票电话号码识别区号，返回的14个纽约州区号不是各自都投过两位候选人。
AL0929,does_not_answer,DestAirport 的实际 ATO 值含前导空格，直接等值比较返回0，规范化后实际有7班。
AL0930,answers,
AL0931,answers,
AL0932,answers,
AL0933,answers,
AL0934,answers,
AL0935,answers,
AL0936,answers,
AL0937,does_not_answer,实际存储为 JetBlue Airways，Jetblue 的大小写与之不同，直接等值筛选返回空表。
AL0938,answers,
AL0939,answers,
AL0940,answers,
AL0941,answers,
AL0942,does_not_answer,DestAirport 实际 ATO 值含前导空格，直接等值比较返回0，规范化后实际有7班。
AL0943,answers,
AL0944,does_not_answer,按车辆记录返回年份，107行包含大量重复年份；题目询问有哪些年份，应去重为13个年份。
AL0945,question_underspecified,“Spanish is spoken by the largest percentage”可指西班牙语在各国本国语言中占比最高，也可指西语占比在国家之间达到最高；SQL采用前一种口径。
AL0946,does_not_answer,题目限定医生，SQL没有限制专业人员角色，结果包含 Employee；应筛选库中兽医角色 Veterenarian 后再统计治疗次数。
AL0947,answers,
AL0948,answers,
AL0949,answers,
AL0950,answers,
AL0951,answers,
AL0952,does_not_answer,original_air_date 为英文月名日期文本，直接降序按字典序而非时间排序；返回2008年11月记录，而真正最新为2009年2月、production_code 112。
AL0953,does_not_answer,original_air_date 存为英文月名日期文本；直接 ORDER BY 得到字典顺序，不是发布日期的时间顺序。
AL0954,question_underspecified,题目只说按年龄排序，没有指定年轻在前还是年长在前；按生日升序得到年长在前，也存在相反的合理顺序。
AL0955,question_underspecified,“total population and average”缺少平均对象，可理解为平均人口或平均面积；SQL计算平均人口，问题没有明确排除这种读法。
AL0956,does_not_answer,航班目的机场代码的前导空格和城市 Aberdeen 的尾随空格未处理，导致连接或筛选失败，航班号列表错误为空。
AL0957,answers,
AL0958,answers,
AL0959,answers,
AL0960,answers,
AL0961,answers,
AL0962,answers,
AL0963,does_not_answer,合并当前和永久地址后按地址槽位计数，同一学生在两字段地址相同时会重复计入；本库学生5在地址9被计两次，不是按学生人数统计。
AL0964,answers,
AL0965,answers,
AL0966,does_not_answer,筛选非英语语言行不等于筛选完全不使用英语的国家；多语国家即使使用英语也会被保留，且国家代码大量重复。
AL0967,answers,
AL0968,answers,
AL0969,answers,
AL0970,answers,
AL0971,does_not_answer,Friend 每对朋友只存一条；只查 Kyle 为 student_id 的一侧仅返回 Jordan，漏掉另一侧的 Jessica 和 Austin。
AL0972,answers,
AL0973,answers,
AL0974,answers,
AL0975,does_not_answer,COUNT(*) 统计国家—语言记录，同一种语言在同洲多国使用会重复计数；语言多样性应按不同语言计数，而不是记录总数。
AL0976,answers,
AL0977,answers,
AL0978,answers,
AL0979,answers,
AL0980,answers,
AL0981,does_not_answer,Horsepower 是文本列，>150 按文本比较错误计为281辆；转换为数值后超过150马力的实际为49辆。
AL0982,answers,
AL0983,answers,
AL0984,answers,
AL0985,answers,
AL0986,answers,
AL0987,answers,
AL0988,answers,
AL0989,answers,
AL0990,answers,
AL0991,answers,
AL0992,answers,
AL0993,does_not_answer,筛选其他语言的行符合“还说其他语言”，但直接投影国家代码使多语国家重复返回；实际924行含重复国家代码，需按国家去重。
AL0994,does_not_answer,Continent 实际为 North America，查询使用 north america，大小写不匹配，两个聚合结果均为NULL。
AL0995,does_not_answer,birth_date 为YYYYMMDD整数，strftime不能按该格式直接解析；年龄表达式全部为NULL，实际没有按年龄排序。
AL0996,answers,
AL0997,does_not_answer,Horsepower 为文本，直接与150比较得到281，属于文本比较；按数值马力筛选实际应为49辆。
AL0998,answers,
AL0999,answers,
AL1000,does_not_answer,题目要求人口为80000的欧洲国家，SQL使用>80000，返回了38个超过该人口的国家而非等于80000者。
AL1001,answers,
AL1002,question_underspecified,未说明平均人口是所有城市的全局平均，还是各district内部的平均；SQL选择全局平均，另一种口径同样合理。
AL1003,answers,
AL1004,answers,
AL1005,answers,
AL1006,answers,
AL1007,answers,
AL1008,answers,
AL1009,answers,
AL1010,answers,
AL1011,answers,
AL1012,answers,
AL1013,answers,
AL1014,answers,
AL1015,question_underspecified,库中的age和date_of_birth不一致：按最小age与最新出生日期会得到不同的狗及主人；题目未说明年龄依据，SQL选择出生日期。
AL1016,answers,
AL1017,answers,
AL1018,answers,
AL1019,answers,
AL1020,answers,
AL1021,answers,
AL1022,answers,
AL1023,does_not_answer,City 实际为带尾随空格的 Aberdeen，直接等值比较失败，未列出实际机场名称。
AL1024,answers,
AL1025,answers,
AL1026,answers,
AL1027,answers,
AL1028,answers,
