item_id,verdict,note
AL0001,,
AL0002,,
AL0003,,
AL0004,,
AL0005,,
AL0006,,
AL0007,,
AL0008,,
AL0009,,
AL0010,,
AL0011,,
AL0012,,
AL0013,,
AL0014,,
AL0015,,
AL0016,,
AL0017,,
AL0018,,
AL0019,,
AL0020,,
AL0021,,
AL0022,,
AL0023,,
AL0024,,
AL0025,,
AL0026,,
AL0027,,
AL0028,,
AL0029,,
AL0030,,
AL0031,,
AL0032,,
AL0033,,
AL0034,,
AL0035,,
AL0036,,
AL0037,,
AL0038,,
AL0039,,
AL0040,,
AL0041,,
AL0042,,
AL0043,,
AL0044,,
AL0045,,
AL0046,,
AL0047,,
AL0048,,
AL0049,,
AL0050,,
AL0051,,
AL0052,,
AL0053,,
AL0054,,
AL0055,,
AL0056,,
AL0057,,
AL0058,,
AL0059,,
AL0060,,
AL0061,,
AL0062,,
AL0063,,
AL0064,,
AL0065,,
AL0066,,
AL0067,,
AL0068,,
AL0069,,
AL0070,,
AL0071,,
AL0072,,
AL0073,,
AL0074,,
AL0075,,
AL0076,,
AL0077,,
AL0078,,
AL0079,,
AL0080,,
AL0081,,
AL0082,,
AL0083,,
AL0084,,
AL0085,,
AL0086,,
AL0087,,
AL0088,,
AL0089,,
AL0090,,
AL0091,,
AL0092,,
AL0093,,
AL0094,,
AL0095,,
AL0096,,
AL0097,,
AL0098,,
AL0099,,
AL0100,,
AL0101,,
AL0102,,
AL0103,,
AL0104,,
AL0105,,
AL0106,,
AL0107,,
AL0108,,
AL0109,,
AL0110,,
AL0111,,
AL0112,,
AL0113,,
AL0114,,
AL0115,,
AL0116,,
AL0117,,
AL0118,,
AL0119,,
AL0120,,
AL0121,,
AL0122,,
AL0123,,
AL0124,,
AL0125,,
AL0126,,
AL0127,,
AL0128,,
AL0129,,
AL0130,,
AL0131,,
AL0132,,
AL0133,,
AL0134,,
AL0135,,
AL0136,,
AL0137,,
AL0138,,
AL0139,,
AL0140,,
AL0141,,
AL0142,,
AL0143,,
AL0144,,
AL0145,,
AL0146,,
AL0147,,
AL0148,,
AL0149,,
AL0150,,
AL0151,,
AL0152,,
AL0153,,
AL0154,,
AL0155,,
AL0156,,
AL0157,,
AL0158,,
AL0159,,
AL0160,,
AL0161,,
AL0162,,
AL0163,,
AL0164,,
AL0165,,
AL0166,,
AL0167,,
AL0168,,
AL0169,,
AL0170,,
AL0171,,
AL0172,,
AL0173,,
AL0174,,
AL0175,,
AL0176,,
AL0177,,
AL0178,,
AL0179,,
AL0180,,
AL0181,,
AL0182,,
AL0183,,
AL0184,,
AL0185,,
AL0186,,
AL0187,,
AL0188,,
AL0189,,
AL0190,,
AL0191,,
AL0192,,
AL0193,,
AL0194,,
AL0195,,
AL0196,,
AL0197,,
AL0198,,
AL0199,,
AL0200,,
AL0201,,
AL0202,,
AL0203,,
AL0204,,
AL0205,,
AL0206,,
AL0207,,
AL0208,,
AL0209,,
AL0210,,
AL0211,,
AL0212,,
AL0213,,
AL0214,,
AL0215,,
AL0216,,
AL0217,,
AL0218,,
AL0219,,
AL0220,,
AL0221,,
AL0222,,
AL0223,,
AL0224,,
AL0225,,
AL0226,,
AL0227,,
AL0228,,
AL0229,,
AL0230,,
AL0231,,
AL0232,,
AL0233,,
AL0234,,
AL0235,,
AL0236,,
AL0237,,
AL0238,,
AL0239,,
AL0240,,
AL0241,,
AL0242,,
AL0243,,
AL0244,,
AL0245,,
AL0246,,
AL0247,,
AL0248,,
AL0249,,
AL0250,,
AL0251,,
AL0252,,
AL0253,,
AL0254,,
AL0255,,
AL0256,,
AL0257,,
AL0258,,
AL0259,,
AL0260,,
AL0261,,
AL0262,,
AL0263,,
AL0264,,
AL0265,,
AL0266,,
AL0267,,
AL0268,,
AL0269,,
AL0270,,
AL0271,,
AL0272,,
AL0273,,
AL0274,,
AL0275,,
AL0276,,
AL0277,,
AL0278,,
AL0279,,
AL0280,,
AL0281,,
AL0282,,
AL0283,,
AL0284,,
AL0285,,
AL0286,,
AL0287,,
AL0288,,
AL0289,,
AL0290,,
AL0291,,
AL0292,,
AL0293,,
AL0294,,
AL0295,,
AL0296,,
AL0297,,
AL0298,,
AL0299,,
AL0300,,
AL0301,,
AL0302,,
AL0303,,
AL0304,,
AL0305,,
AL0306,,
AL0307,,
AL0308,,
AL0309,,
AL0310,,
AL0311,,
AL0312,,
AL0313,,
AL0314,,
AL0315,,
AL0316,,
AL0317,,
AL0318,,
AL0319,,
AL0320,,
AL0321,,
AL0322,,
AL0323,,
AL0324,,
AL0325,,
AL0326,,
AL0327,,
AL0328,,
AL0329,,
AL0330,,
AL0331,,
AL0332,,
AL0333,,
AL0334,,
AL0335,,
AL0336,,
AL0337,,
AL0338,,
AL0339,,
AL0340,,
AL0341,,
AL0342,,
AL0343,,
AL0344,,
AL0345,,
AL0346,,
AL0347,,
AL0348,,
AL0349,,
AL0350,,
AL0351,,
AL0352,,
AL0353,,
AL0354,,
AL0355,,
AL0356,,
AL0357,,
AL0358,,
AL0359,,
AL0360,,
AL0361,,
AL0362,,
AL0363,,
AL0364,,
AL0365,,
AL0366,,
AL0367,,
AL0368,,
AL0369,,
AL0370,,
AL0371,,
AL0372,,
AL0373,,
AL0374,,
AL0375,,
AL0376,,
AL0377,,
AL0378,,
AL0379,,
AL0380,,
AL0381,,
AL0382,,
AL0383,,
AL0384,,
AL0385,,
AL0386,,
AL0387,,
AL0388,,
AL0389,,
AL0390,,
AL0391,,
AL0392,,
AL0393,,
AL0394,,
AL0395,,
AL0396,,
AL0397,,
AL0398,,
AL0399,,
AL0400,,
AL0401,,
AL0402,,
AL0403,,
AL0404,,
AL0405,,
AL0406,,
AL0407,,
AL0408,,
AL0409,,
AL0410,,
AL0411,,
AL0412,,
AL0413,,
AL0414,,
AL0415,,
AL0416,,
AL0417,,
AL0418,,
AL0419,,
AL0420,,
AL0421,,
AL0422,,
AL0423,,
AL0424,,
AL0425,,
AL0426,,
AL0427,,
AL0428,,
AL0429,,
AL0430,,
AL0431,,
AL0432,,
AL0433,,
AL0434,,
AL0435,,
AL0436,,
AL0437,,
AL0438,,
AL0439,,
AL0440,,
AL0441,,
AL0442,,
AL0443,,
AL0444,,
AL0445,,
AL0446,,
AL0447,,
AL0448,,
AL0449,,
AL0450,,
AL0451,,
AL0452,,
AL0453,,
AL0454,,
AL0455,,
AL0456,,
AL0457,,
AL0458,,
AL0459,,
AL0460,,
AL0461,,
AL0462,,
AL0463,,
AL0464,,
AL0465,,
AL0466,,
AL0467,,
AL0468,,
AL0469,,
AL0470,,
AL0471,,
AL0472,,
AL0473,,
AL0474,,
AL0475,,
AL0476,,
AL0477,,
AL0478,,
AL0479,,
AL0480,,
AL0481,,
AL0482,,
AL0483,,
AL0484,,
AL0485,,
AL0486,,
AL0487,,
AL0488,,
AL0489,,
AL0490,,
AL0491,,
AL0492,,
AL0493,,
AL0494,,
AL0495,,
AL0496,,
AL0497,,
AL0498,,
AL0499,,
AL0500,,
AL0501,,
AL0502,,
AL0503,,
AL0504,,
AL0505,,
AL0506,,
AL0507,,
AL0508,,
AL0509,,
AL0510,,
AL0511,,
AL0512,,
AL0513,,
AL0514,,
AL0515,,
AL0516,,
AL0517,,
AL0518,,
AL0519,,
AL0520,,
AL0521,,
AL0522,,
AL0523,,
AL0524,,
AL0525,,
AL0526,,
AL0527,,
AL0528,,
AL0529,,
AL0530,,
AL0531,,
AL0532,,
AL0533,,
AL0534,,
AL0535,,
AL0536,,
AL0537,,
AL0538,,
AL0539,,
AL0540,,
AL0541,,
AL0542,,
AL0543,,
AL0544,,
AL0545,,
AL0546,,
AL0547,,
AL0548,,
AL0549,,
AL0550,,
AL0551,,
AL0552,,
AL0553,,
AL0554,,
AL0555,,
AL0556,,
AL0557,,
AL0558,,
AL0559,,
AL0560,,
AL0561,,
AL0562,,
AL0563,,
AL0564,,
AL0565,,
AL0566,,
AL0567,,
AL0568,,
AL0569,,
AL0570,,
AL0571,,
AL0572,,
AL0573,,
AL0574,,
AL0575,,
AL0576,,
AL0577,,
AL0578,,
AL0579,,
AL0580,,
AL0581,,
AL0582,,
AL0583,,
AL0584,,
AL0585,,
AL0586,,
AL0587,,
AL0588,,
AL0589,,
AL0590,,
AL0591,,
AL0592,,
AL0593,,
AL0594,,
AL0595,,
AL0596,,
AL0597,,
AL0598,,
AL0599,,
AL0600,,
AL0601,,
AL0602,,
AL0603,,
AL0604,,
AL0605,,
AL0606,,
AL0607,,
AL0608,,
AL0609,,
AL0610,,
AL0611,,
AL0612,,
AL0613,,
AL0614,,
AL0615,,
AL0616,,
AL0617,,
AL0618,,
AL0619,,
AL0620,,
AL0621,,
AL0622,,
AL0623,,
AL0624,,
AL0625,,
AL0626,,
AL0627,,
AL0628,,
AL0629,,
AL0630,,
AL0631,,
AL0632,,
AL0633,,
AL0634,,
AL0635,,
AL0636,,
AL0637,,
AL0638,,
AL0639,,
AL0640,,
AL0641,,
AL0642,,
AL0643,,
AL0644,,
AL0645,,
AL0646,,
AL0647,,
AL0648,,
AL0649,,
AL0650,,
AL0651,,
AL0652,,
AL0653,,
AL0654,,
AL0655,,
AL0656,,
AL0657,,
AL0658,,
AL0659,,
AL0660,,
AL0661,,
AL0662,,
AL0663,,
AL0664,,
AL0665,,
AL0666,,
AL0667,,
AL0668,,
AL0669,,
AL0670,,
AL0671,,
AL0672,,
AL0673,,
AL0674,,
AL0675,,
AL0676,,
AL0677,,
AL0678,,
AL0679,,
AL0680,,
AL0681,,
AL0682,,
AL0683,,
AL0684,,
AL0685,,
AL0686,,
AL0687,,
AL0688,,
AL0689,,
AL0690,,
AL0691,,
AL0692,,
AL0693,,
AL0694,,
AL0695,,
AL0696,,
AL0697,,
AL0698,,
AL0699,,
AL0700,,
AL0701,,
AL0702,,
AL0703,,
AL0704,,
AL0705,,
AL0706,,
AL0707,,
AL0708,,
AL0709,,
AL0710,,
AL0711,,
AL0712,,
AL0713,,
AL0714,,
AL0715,,
AL0716,,
AL0717,,
AL0718,,
AL0719,,
AL0720,,
AL0721,,
AL0722,,
AL0723,,
AL0724,,
AL0725,,
AL0726,,
AL0727,,
AL0728,,
AL0729,,
AL0730,,
AL0731,,
AL0732,,
AL0733,,
AL0734,,
AL0735,,
AL0736,,
AL0737,,
AL0738,,
AL0739,,
AL0740,,
AL0741,,
AL0742,,
AL0743,,
AL0744,,
AL0745,,
AL0746,,
AL0747,,
AL0748,,
AL0749,,
AL0750,,
AL0751,,
AL0752,,
AL0753,,
AL0754,,
AL0755,,
AL0756,,
AL0757,,
AL0758,,
AL0759,,
AL0760,,
AL0761,,
AL0762,,
AL0763,,
AL0764,,
AL0765,,
AL0766,,
AL0767,,
AL0768,,
AL0769,,
AL0770,,
AL0771,,
AL0772,,
AL0773,,
AL0774,,
AL0775,,
AL0776,,
AL0777,,
AL0778,,
AL0779,,
AL0780,,
AL0781,,
AL0782,,
AL0783,,
AL0784,,
AL0785,,
AL0786,,
AL0787,,
AL0788,,
AL0789,,
AL0790,,
AL0791,,
AL0792,,
AL0793,,
AL0794,,
AL0795,,
AL0796,,
AL0797,,
AL0798,,
AL0799,,
AL0800,,
AL0801,,
AL0802,,
AL0803,,
AL0804,,
AL0805,,
AL0806,,
AL0807,,
AL0808,,
AL0809,,
AL0810,,
AL0811,,
AL0812,,
AL0813,,
AL0814,,
AL0815,,
AL0816,,
AL0817,,
AL0818,,
AL0819,,
AL0820,,
AL0821,,
AL0822,,
AL0823,,
AL0824,,
AL0825,,
AL0826,,
AL0827,,
AL0828,,
AL0829,,
AL0830,,
AL0831,,
AL0832,,
AL0833,,
AL0834,,
AL0835,,
AL0836,,
AL0837,,
AL0838,,
AL0839,,
AL0840,,
AL0841,,
AL0842,,
AL0843,,
AL0844,,
AL0845,,
AL0846,,
AL0847,,
AL0848,,
AL0849,,
AL0850,,
AL0851,,
AL0852,,
AL0853,,
AL0854,,
AL0855,,
AL0856,,
AL0857,,
AL0858,,
AL0859,,
AL0860,,
AL0861,,
AL0862,,
AL0863,,
AL0864,,
AL0865,,
AL0866,,
AL0867,,
AL0868,,
AL0869,,
AL0870,,
AL0871,,
AL0872,,
AL0873,,
AL0874,,
AL0875,,
AL0876,,
AL0877,,
AL0878,,
AL0879,,
AL0880,,
AL0881,,
AL0882,,
AL0883,,
AL0884,,
AL0885,,
AL0886,,
AL0887,,
AL0888,,
AL0889,,
AL0890,,
AL0891,,
AL0892,,
AL0893,,
AL0894,,
AL0895,,
AL0896,,
AL0897,,
AL0898,,
AL0899,,
AL0900,,
AL0901,,
AL0902,,
AL0903,,
AL0904,,
AL0905,,
AL0906,,
AL0907,,
AL0908,,
AL0909,,
AL0910,,
AL0911,,
AL0912,,
AL0913,,
AL0914,,
AL0915,,
AL0916,,
AL0917,,
AL0918,,
AL0919,,
AL0920,,
AL0921,,
AL0922,,
AL0923,,
AL0924,,
AL0925,,
AL0926,,
AL0927,,
AL0928,,
AL0929,,
AL0930,,
AL0931,,
AL0932,,
AL0933,,
AL0934,,
AL0935,,
AL0936,,
AL0937,,
AL0938,,
AL0939,,
AL0940,,
AL0941,,
AL0942,,
AL0943,,
AL0944,,
AL0945,,
AL0946,,
AL0947,,
AL0948,,
AL0949,,
AL0950,,
AL0951,,
AL0952,,
AL0953,,
AL0954,,
AL0955,,
AL0956,,
AL0957,,
AL0958,,
AL0959,,
AL0960,,
AL0961,,
AL0962,,
AL0963,,
AL0964,,
AL0965,,
AL0966,,
AL0967,,
AL0968,,
AL0969,,
AL0970,,
AL0971,,
AL0972,,
AL0973,,
AL0974,,
AL0975,,
AL0976,,
AL0977,,
AL0978,,
AL0979,,
AL0980,,
AL0981,,
AL0982,,
AL0983,,
AL0984,,
AL0985,,
AL0986,,
AL0987,,
AL0988,,
AL0989,,
AL0990,,
AL0991,,
AL0992,,
AL0993,,
AL0994,,
AL0995,,
AL0996,,
AL0997,,
AL0998,,
AL0999,,
AL1000,,
AL1001,,
AL1002,,
AL1003,,
AL1004,,
AL1005,,
AL1006,,
AL1007,,
AL1008,,
AL1009,,
AL1010,,
AL1011,,
AL1012,,
AL1013,,
AL1014,,
AL1015,,
AL1016,,
AL1017,,
AL1018,,
AL1019,,
AL1020,,
AL1021,,
AL1022,,
AL1023,,
AL1024,,
AL1025,,
AL1026,,
AL1027,,
AL1028,,
