item_id,verdict,defect_type,borderline,note
Q001,,,,
Q002,,,,
Q003,,,,
Q004,,,,
Q005,,,,
Q006,,,,
Q007,,,,
Q008,,,,
Q009,,,,
Q010,,,,
Q011,,,,
Q012,,,,
Q013,,,,
Q014,,,,
Q015,,,,
Q016,,,,
Q017,,,,
Q018,,,,
Q019,,,,
Q020,,,,
Q021,,,,
Q022,,,,
Q023,,,,
Q024,,,,
Q025,,,,
Q026,,,,
Q027,,,,
Q028,,,,
Q029,,,,
Q030,,,,
Q031,,,,
Q032,,,,
Q033,,,,
Q034,,,,
Q035,,,,
Q036,,,,
Q037,,,,
Q038,,,,
Q039,,,,
Q040,,,,
Q041,,,,
Q042,,,,
Q043,,,,
Q044,,,,
Q045,,,,
Q046,,,,
Q047,,,,
Q048,,,,
Q049,,,,
Q050,,,,
Q051,,,,
Q052,,,,
Q053,,,,
Q054,,,,
Q055,,,,
Q056,,,,
Q057,,,,
Q058,,,,
Q059,,,,
Q060,,,,
Q061,,,,
Q062,,,,
Q063,,,,
Q064,,,,
Q065,,,,
Q066,,,,
Q067,,,,
Q068,,,,
Q069,,,,
Q070,,,,
Q071,,,,
Q072,,,,
Q073,,,,
Q074,,,,
Q075,,,,
Q076,,,,
Q077,,,,
Q078,,,,
Q079,,,,
Q080,,,,
Q081,,,,
Q082,,,,
Q083,,,,
Q084,,,,
Q085,,,,
Q086,,,,
Q087,,,,
Q088,,,,
Q089,,,,
Q090,,,,
Q091,,,,
Q092,,,,
Q093,,,,
Q094,,,,
Q095,,,,
Q096,,,,
Q097,,,,
Q098,,,,
Q099,,,,
Q100,,,,
Q101,,,,
Q102,,,,
Q103,,,,
Q104,,,,
Q105,,,,
Q106,,,,
Q107,,,,
Q108,,,,
Q109,,,,
Q110,,,,
Q111,,,,
Q112,,,,
Q113,,,,
Q114,,,,
Q115,,,,
Q116,,,,
Q117,,,,
Q118,,,,
Q119,,,,
Q120,,,,
Q121,,,,
Q122,,,,
Q123,,,,
Q124,,,,
Q125,,,,
Q126,,,,
Q127,,,,
Q128,,,,
Q129,,,,
Q130,,,,
Q131,,,,
Q132,,,,
Q133,,,,
Q134,,,,
Q135,,,,
Q136,,,,
Q137,,,,
Q138,,,,
Q139,,,,
Q140,,,,
Q141,,,,
Q142,,,,
Q143,,,,
Q144,,,,
Q145,,,,
Q146,,,,
Q147,,,,
Q148,,,,
Q149,,,,
Q150,,,,
Q151,,,,
Q152,,,,
Q153,,,,
